{
  "best_metric": 0.516597510373444,
  "best_model_checkpoint": "./outputs/bert_model/checkpoint-100",
  "epoch": 5.405405405405405,
  "eval_steps": 100,
  "global_step": 200,
  "is_hyper_param_search": false,
  "is_local_process_zero": true,
  "is_world_process_zero": true,
  "log_history": [
    {
      "epoch": 2.7027027027027026,
      "grad_norm": 0.7656600475311279,
      "learning_rate": 4.54954954954955e-05,
      "loss": 2.6527,
      "step": 100
    },
    {
      "epoch": 2.7027027027027026,
      "eval_accuracy": 0.516597510373444,
      "eval_loss": 2.4968297481536865,
      "eval_runtime": 4.6401,
      "eval_samples_per_second": 42.671,
      "eval_steps_per_second": 5.388,
      "step": 100
    },
    {
      "epoch": 5.405405405405405,
      "grad_norm": 0.8906091451644897,
      "learning_rate": 4.099099099099099e-05,
      "loss": 2.3221,
      "step": 200
    },
    {
      "epoch": 5.405405405405405,
      "eval_accuracy": 0.4935064935064935,
      "eval_loss": 2.414766550064087,
      "eval_runtime": 4.6362,
      "eval_samples_per_second": 42.707,
      "eval_steps_per_second": 5.392,
      "step": 200
    }
  ],
  "logging_steps": 100,
  "max_steps": 1110,
  "num_input_tokens_seen": 0,
  "num_train_epochs": 30,
  "save_steps": 100,
  "stateful_callbacks": {
    "TrainerControl": {
      "args": {
        "should_epoch_stop": false,
        "should_evaluate": false,
        "should_log": false,
        "should_save": true,
        "should_training_stop": false
      },
      "attributes": {}
    }
  },
  "total_flos": 1705709867212800.0,
  "train_batch_size": 128,
  "trial_name": null,
  "trial_params": null
}
